shape,variant,us,eff_GBps
4096x12288,cublas-bf16,588.7,171.0
4096x12288,torch._scaled_mm-fp8,400.6,125.6
4096x12288,shipped-w8a16-triton,210.6,239.0
4096x12288,row BO8 BI256 w1 s1,227.8,220.9
4096x12288,row BO8 BI256 w1 s1.cg,227.5,221.2
4096x12288,row BO8 BI256 w1 s2,227.2,221.5
4096x12288,row BO8 BI256 w1 s2.cg,227.7,221.1
4096x12288,row BO8 BI256 w1 s3,227.4,221.3
4096x12288,row BO8 BI256 w1 s3.cg,232.9,216.2
4096x12288,row BO8 BI256 w1 s4,227.0,221.7
4096x12288,row BO8 BI256 w1 s4.cg,227.5,221.2
4096x12288,row BO8 BI256 w2 s1,222.8,225.9
4096x12288,row BO8 BI256 w2 s1.cg,223.5,225.2
4096x12288,row BO8 BI256 w2 s2,228.9,219.8
4096x12288,row BO8 BI256 w2 s2.cg,223.8,224.9
4096x12288,row BO8 BI256 w2 s3,223.9,224.8
4096x12288,row BO8 BI256 w2 s3.cg,223.6,225.1
4096x12288,row BO8 BI256 w2 s4,222.5,226.2
4096x12288,row BO8 BI256 w2 s4.cg,224.1,224.6
4096x12288,row BO8 BI256 w4 s1,218.8,230.0
4096x12288,row BO8 BI256 w4 s1.cg,224.5,224.2
4096x12288,row BO8 BI256 w4 s2,225.3,223.4
4096x12288,row BO8 BI256 w4 s2.cg,230.2,218.6
4096x12288,row BO8 BI256 w4 s3,218.7,230.2
4096x12288,row BO8 BI256 w4 s3.cg,227.0,221.8
4096x12288,row BO8 BI256 w4 s4,218.9,229.9
4096x12288,row BO8 BI256 w4 s4.cg,228.4,220.4
4096x12288,row BO8 BI256 w8 s1,213.4,235.8
4096x12288,row BO8 BI256 w8 s1.cg,221.7,227.0
4096x12288,row BO8 BI256 w8 s2,209.2,240.5
4096x12288,row BO8 BI256 w8 s2.cg,217.3,231.6
4096x12288,row BO8 BI256 w8 s3,206.5,243.7
4096x12288,row BO8 BI256 w8 s3.cg,220.1,228.7
4096x12288,row BO8 BI256 w8 s4,204.2,246.5
4096x12288,row BO8 BI256 w8 s4.cg,220.2,228.6
4096x12288,row BO8 BI512 w1 s1,206.8,243.3
4096x12288,row BO8 BI512 w1 s1.cg,204.6,246.0
4096x12288,row BO8 BI512 w1 s2,204.8,245.8
4096x12288,row BO8 BI512 w1 s2.cg,204.6,246.0
4096x12288,row BO8 BI512 w1 s3,204.9,245.6
4096x12288,row BO8 BI512 w1 s3.cg,212.4,236.9
4096x12288,row BO8 BI512 w1 s4,204.4,246.2
4096x12288,row BO8 BI512 w1 s4.cg,206.2,244.1
4096x12288,row BO8 BI512 w2 s1,207.5,242.5
4096x12288,row BO8 BI512 w2 s1.cg,207.2,242.9
4096x12288,row BO8 BI512 w2 s2,207.7,242.4
4096x12288,row BO8 BI512 w2 s2.cg,209.8,239.9
4096x12288,row BO8 BI512 w2 s3,207.5,242.6
4096x12288,row BO8 BI512 w2 s3.cg,207.4,242.7
4096x12288,row BO8 BI512 w2 s4,207.4,242.7
4096x12288,row BO8 BI512 w2 s4.cg,207.3,242.8
4096x12288,row BO8 BI512 w4 s1,205.3,245.2
4096x12288,row BO8 BI512 w4 s1.cg,206.0,244.3
4096x12288,row BO8 BI512 w4 s2,208.7,241.2
4096x12288,row BO8 BI512 w4 s2.cg,206.4,243.8
4096x12288,row BO8 BI512 w4 s3,205.4,245.1
4096x12288,row BO8 BI512 w4 s3.cg,204.1,246.6
4096x12288,row BO8 BI512 w4 s4,205.1,245.4
4096x12288,row BO8 BI512 w4 s4.cg,205.5,244.9
4096x12288,row BO8 BI512 w8 s1,207.1,243.0
4096x12288,row BO8 BI512 w8 s1.cg,212.1,237.3
4096x12288,row BO8 BI512 w8 s2,202.8,248.2
4096x12288,row BO8 BI512 w8 s2.cg,205.2,245.2
4096x12288,row BO8 BI512 w8 s3,208.8,241.0
4096x12288,row BO8 BI512 w8 s3.cg,205.3,245.1
4096x12288,row BO8 BI512 w8 s4,203.1,247.8
4096x12288,row BO8 BI512 w8 s4.cg,207.6,242.4
4096x12288,row BO8 BI1024 w1 s1,204.5,246.2
4096x12288,row BO8 BI1024 w1 s1.cg,204.4,246.2
4096x12288,row BO8 BI1024 w1 s2,205.0,245.5
4096x12288,row BO8 BI1024 w1 s2.cg,204.3,246.4
4096x12288,row BO8 BI1024 w1 s3,204.3,246.4
4096x12288,row BO8 BI1024 w1 s3.cg,204.4,246.2
4096x12288,row BO8 BI1024 w1 s4,212.0,237.4
4096x12288,row BO8 BI1024 w1 s4.cg,204.1,246.6
4096x12288,row BO8 BI1024 w2 s1,207.6,242.4
4096x12288,row BO8 BI1024 w2 s1.cg,207.2,242.9
4096x12288,row BO8 BI1024 w2 s2,214.5,234.7
4096x12288,row BO8 BI1024 w2 s2.cg,207.4,242.7
4096x12288,row BO8 BI1024 w2 s3,207.6,242.4
4096x12288,row BO8 BI1024 w2 s3.cg,207.9,242.1
4096x12288,row BO8 BI1024 w2 s4,207.7,242.3
4096x12288,row BO8 BI1024 w2 s4.cg,207.7,242.3
4096x12288,row BO8 BI1024 w4 s1,208.4,241.5
4096x12288,row BO8 BI1024 w4 s1.cg,204.5,246.1
4096x12288,row BO8 BI1024 w4 s2,204.5,246.1
4096x12288,row BO8 BI1024 w4 s2.cg,212.3,237.1
4096x12288,row BO8 BI1024 w4 s3,209.1,240.7
4096x12288,row BO8 BI1024 w4 s3.cg,211.4,238.1
4096x12288,row BO8 BI1024 w4 s4,204.5,246.1
4096x12288,row BO8 BI1024 w4 s4.cg,204.7,245.9
4096x12288,row BO8 BI1024 w8 s1,199.8,251.9
4096x12288,row BO8 BI1024 w8 s1.cg,199.2,252.7
4096x12288,row BO8 BI1024 w8 s2,199.6,252.1
4096x12288,row BO8 BI1024 w8 s2.cg,199.1,252.8
4096x12288,row BO8 BI1024 w8 s3,199.5,252.2
4096x12288,row BO8 BI1024 w8 s3.cg,199.2,252.7
4096x12288,row BO8 BI1024 w8 s4,199.7,252.0
4096x12288,row BO8 BI1024 w8 s4.cg,199.3,252.6
4096x12288,row BO16 BI256 w1 s1,243.6,206.6
4096x12288,row BO16 BI256 w1 s1.cg,240.0,209.7
4096x12288,row BO16 BI256 w1 s2,240.3,209.5
4096x12288,row BO16 BI256 w1 s2.cg,238.8,210.8
4096x12288,row BO16 BI256 w1 s3,237.9,211.6
4096x12288,row BO16 BI256 w1 s3.cg,240.1,209.6
4096x12288,row BO16 BI256 w1 s4,240.0,209.7
4096x12288,row BO16 BI256 w1 s4.cg,238.4,211.2
4096x12288,row BO16 BI256 w2 s1,223.6,225.0
4096x12288,row BO16 BI256 w2 s1.cg,223.9,224.8
4096x12288,row BO16 BI256 w2 s2,223.8,224.9
4096x12288,row BO16 BI256 w2 s2.cg,223.7,225.0
4096x12288,row BO16 BI256 w2 s3,223.8,224.9
4096x12288,row BO16 BI256 w2 s3.cg,223.7,225.0
4096x12288,row BO16 BI256 w2 s4,224.2,224.5
4096x12288,row BO16 BI256 w2 s4.cg,224.3,224.4
4096x12288,row BO16 BI256 w4 s1,224.5,224.2
4096x12288,row BO16 BI256 w4 s1.cg,227.3,221.5
4096x12288,row BO16 BI256 w4 s2,223.9,224.8
4096x12288,row BO16 BI256 w4 s2.cg,226.3,222.5
4096x12288,row BO16 BI256 w4 s3,223.8,224.9
4096x12288,row BO16 BI256 w4 s3.cg,226.5,222.2
4096x12288,row BO16 BI256 w4 s4,229.9,219.0
4096x12288,row BO16 BI256 w4 s4.cg,232.7,216.3
4096x12288,row BO16 BI256 w8 s1,233.2,215.8
4096x12288,row BO16 BI256 w8 s1.cg,230.2,218.7
4096x12288,row BO16 BI256 w8 s2,232.2,216.7
4096x12288,row BO16 BI256 w8 s2.cg,234.0,215.1
4096x12288,row BO16 BI256 w8 s3,237.1,212.3
4096x12288,row BO16 BI256 w8 s3.cg,230.9,218.0
4096x12288,row BO16 BI256 w8 s4,235.0,214.2
4096x12288,row BO16 BI256 w8 s4.cg,229.9,218.9
4096x12288,row BO16 BI512 w1 s1,215.8,233.2
4096x12288,row BO16 BI512 w1 s1.cg,218.5,230.4
4096x12288,row BO16 BI512 w1 s2,210.5,239.1
4096x12288,row BO16 BI512 w1 s2.cg,210.4,239.3
4096x12288,row BO16 BI512 w1 s3,216.7,232.3
4096x12288,row BO16 BI512 w1 s3.cg,211.4,238.1
4096x12288,row BO16 BI512 w1 s4,210.4,239.2
4096x12288,row BO16 BI512 w1 s4.cg,210.7,238.9
4096x12288,row BO16 BI512 w2 s1,216.8,232.1
4096x12288,row BO16 BI512 w2 s1.cg,209.0,240.8
4096x12288,row BO16 BI512 w2 s2,212.7,236.6
4096x12288,row BO16 BI512 w2 s2.cg,215.3,233.8
4096x12288,row BO16 BI512 w2 s3,214.0,235.2
4096x12288,row BO16 BI512 w2 s3.cg,209.4,240.4
4096x12288,row BO16 BI512 w2 s4,208.9,240.9
4096x12288,row BO16 BI512 w2 s4.cg,209.0,240.8
4096x12288,row BO16 BI512 w4 s1,205.6,244.8
4096x12288,row BO16 BI512 w4 s1.cg,211.3,238.2
4096x12288,row BO16 BI512 w4 s2,205.5,245.0
4096x12288,row BO16 BI512 w4 s2.cg,206.0,244.4
4096x12288,row BO16 BI512 w4 s3,205.4,245.0
4096x12288,row BO16 BI512 w4 s3.cg,206.3,244.0
4096x12288,row BO16 BI512 w4 s4,205.9,244.4
4096x12288,row BO16 BI512 w4 s4.cg,205.9,244.5
4096x12288,row BO16 BI512 w8 s1,206.6,243.7
4096x12288,row BO16 BI512 w8 s1.cg,207.7,242.4
4096x12288,row BO16 BI512 w8 s2,211.7,237.7
4096x12288,row BO16 BI512 w8 s2.cg,206.7,243.5
4096x12288,row BO16 BI512 w8 s3,208.5,241.4
4096x12288,row BO16 BI512 w8 s3.cg,211.8,237.7
4096x12288,row BO16 BI512 w8 s4,206.6,243.6
4096x12288,row BO16 BI512 w8 s4.cg,206.9,243.2
4096x12288,row BO16 BI1024 w1 s1,209.7,240.0
4096x12288,row BO16 BI1024 w1 s1.cg,209.7,240.0
4096x12288,row BO16 BI1024 w1 s2,209.6,240.1
4096x12288,row BO16 BI1024 w1 s2.cg,209.8,239.9
4096x12288,row BO16 BI1024 w1 s3,209.8,239.9
4096x12288,row BO16 BI1024 w1 s3.cg,209.7,240.1
4096x12288,row BO16 BI1024 w1 s4,209.9,239.8
4096x12288,row BO16 BI1024 w1 s4.cg,209.5,240.2
4096x12288,row BO16 BI1024 w2 s1,210.9,238.6
4096x12288,row BO16 BI1024 w2 s1.cg,211.1,238.4
4096x12288,row BO16 BI1024 w2 s2,211.1,238.4
4096x12288,row BO16 BI1024 w2 s2.cg,211.6,237.9
4096x12288,row BO16 BI1024 w2 s3,211.0,238.5
4096x12288,row BO16 BI1024 w2 s3.cg,211.1,238.4
4096x12288,row BO16 BI1024 w2 s4,211.1,238.5
4096x12288,row BO16 BI1024 w2 s4.cg,211.4,238.1
4096x12288,row BO16 BI1024 w4 s1,206.0,244.4
4096x12288,row BO16 BI1024 w4 s1.cg,212.9,236.4
4096x12288,row BO16 BI1024 w4 s2,205.9,244.4
4096x12288,row BO16 BI1024 w4 s2.cg,205.4,245.0
4096x12288,row BO16 BI1024 w4 s3,205.8,244.6
4096x12288,row BO16 BI1024 w4 s3.cg,210.7,238.8
4096x12288,row BO16 BI1024 w4 s4,211.8,237.6
4096x12288,row BO16 BI1024 w4 s4.cg,205.6,244.8
4096x12288,row BO16 BI1024 w8 s1,205.7,244.7
4096x12288,row BO16 BI1024 w8 s1.cg,206.3,244.0
4096x12288,row BO16 BI1024 w8 s2,205.9,244.4
4096x12288,row BO16 BI1024 w8 s2.cg,206.4,243.8
4096x12288,row BO16 BI1024 w8 s3,205.7,244.7
4096x12288,row BO16 BI1024 w8 s3.cg,206.5,243.8
4096x12288,row BO16 BI1024 w8 s4,205.7,244.7
4096x12288,row BO16 BI1024 w8 s4.cg,212.6,236.8
4096x12288,row BO32 BI256 w1 s1,220.8,227.9
4096x12288,row BO32 BI256 w1 s1.cg,220.6,228.1
4096x12288,row BO32 BI256 w1 s2,220.9,227.8
4096x12288,row BO32 BI256 w1 s2.cg,220.8,228.0
4096x12288,row BO32 BI256 w1 s3,220.7,228.1
4096x12288,row BO32 BI256 w1 s3.cg,220.7,228.0
4096x12288,row BO32 BI256 w1 s4,226.9,221.8
4096x12288,row BO32 BI256 w1 s4.cg,220.9,227.9
4096x12288,row BO32 BI256 w2 s1,227.5,221.2
4096x12288,row BO32 BI256 w2 s1.cg,227.5,221.2
4096x12288,row BO32 BI256 w2 s2,232.6,216.4
4096x12288,row BO32 BI256 w2 s2.cg,227.6,221.2
4096x12288,row BO32 BI256 w2 s3,227.8,221.0
4096x12288,row BO32 BI256 w2 s3.cg,227.7,221.1
4096x12288,row BO32 BI256 w2 s4,227.5,221.2
4096x12288,row BO32 BI256 w2 s4.cg,227.5,221.2
4096x12288,row BO32 BI256 w4 s1,224.5,224.2
4096x12288,row BO32 BI256 w4 s1.cg,224.4,224.3
4096x12288,row BO32 BI256 w4 s2,224.1,224.6
4096x12288,row BO32 BI256 w4 s2.cg,224.5,224.2
4096x12288,row BO32 BI256 w4 s3,224.4,224.3
4096x12288,row BO32 BI256 w4 s3.cg,224.2,224.5
4096x12288,row BO32 BI256 w4 s4,224.1,224.6
4096x12288,row BO32 BI256 w4 s4.cg,228.6,220.2
4096x12288,row BO32 BI256 w8 s1,234.4,214.7
4096x12288,row BO32 BI256 w8 s1.cg,236.6,212.7
4096x12288,row BO32 BI256 w8 s2,229.0,219.7
4096x12288,row BO32 BI256 w8 s2.cg,233.0,216.0
4096x12288,row BO32 BI256 w8 s3,229.3,219.5
4096x12288,row BO32 BI256 w8 s3.cg,233.4,215.6
4096x12288,row BO32 BI256 w8 s4,229.2,219.6
4096x12288,row BO32 BI256 w8 s4.cg,231.8,217.2
4096x12288,row BO32 BI512 w1 s1,217.7,231.2
4096x12288,row BO32 BI512 w1 s1.cg,217.6,231.3
4096x12288,row BO32 BI512 w1 s2,217.6,231.3
4096x12288,row BO32 BI512 w1 s2.cg,223.6,225.1
4096x12288,row BO32 BI512 w1 s3,217.7,231.1
4096x12288,row BO32 BI512 w1 s3.cg,226.9,221.8
4096x12288,row BO32 BI512 w1 s4,217.7,231.2
4096x12288,row BO32 BI512 w1 s4.cg,217.6,231.3
4096x12288,row BO32 BI512 w2 s1,216.2,232.8
4096x12288,row BO32 BI512 w2 s1.cg,212.2,237.2
4096x12288,row BO32 BI512 w2 s2,212.1,237.3
4096x12288,row BO32 BI512 w2 s2.cg,212.2,237.2
4096x12288,row BO32 BI512 w2 s3,212.3,237.1
4096x12288,row BO32 BI512 w2 s3.cg,212.2,237.2
4096x12288,row BO32 BI512 w2 s4,212.1,237.3
4096x12288,row BO32 BI512 w2 s4.cg,212.1,237.3
4096x12288,row BO32 BI512 w4 s1,212.1,237.3
4096x12288,row BO32 BI512 w4 s1.cg,212.1,237.3
4096x12288,row BO32 BI512 w4 s2,212.4,237.0
4096x12288,row BO32 BI512 w4 s2.cg,215.1,234.0
4096x12288,row BO32 BI512 w4 s3,219.2,229.6
4096x12288,row BO32 BI512 w4 s3.cg,212.1,237.3
4096x12288,row BO32 BI512 w4 s4,212.3,237.0
4096x12288,row BO32 BI512 w4 s4.cg,212.2,237.2
4096x12288,row BO32 BI512 w8 s1,207.8,242.2
4096x12288,row BO32 BI512 w8 s1.cg,207.8,242.2
4096x12288,row BO32 BI512 w8 s2,208.0,242.0
4096x12288,row BO32 BI512 w8 s2.cg,207.3,242.8
4096x12288,row BO32 BI512 w8 s3,208.5,241.4
4096x12288,row BO32 BI512 w8 s3.cg,207.3,242.8
4096x12288,row BO32 BI512 w8 s4,207.9,242.1
4096x12288,row BO32 BI512 w8 s4.cg,207.6,242.4
4096x12288,row BO32 BI1024 w1 s1,213.9,235.3
4096x12288,row BO32 BI1024 w1 s1.cg,214.0,235.1
4096x12288,row BO32 BI1024 w1 s2,213.7,235.5
4096x12288,row BO32 BI1024 w1 s2.cg,214.0,235.2
4096x12288,row BO32 BI1024 w1 s3,213.8,235.4
4096x12288,row BO32 BI1024 w1 s3.cg,213.8,235.5
4096x12288,row BO32 BI1024 w1 s4,213.7,235.5
4096x12288,row BO32 BI1024 w1 s4.cg,213.8,235.4
4096x12288,row BO32 BI1024 w2 s1,217.5,231.4
4096x12288,row BO32 BI1024 w2 s1.cg,224.9,223.8
4096x12288,row BO32 BI1024 w2 s2,217.6,231.3
4096x12288,row BO32 BI1024 w2 s2.cg,217.7,231.1
4096x12288,row BO32 BI1024 w2 s3,217.5,231.4
4096x12288,row BO32 BI1024 w2 s3.cg,217.3,231.6
4096x12288,row BO32 BI1024 w2 s4,217.6,231.3
4096x12288,row BO32 BI1024 w2 s4.cg,217.9,231.0
4096x12288,row BO32 BI1024 w4 s1,217.2,231.7
4096x12288,row BO32 BI1024 w4 s1.cg,216.2,232.8
4096x12288,row BO32 BI1024 w4 s2,216.7,232.3
4096x12288,row BO32 BI1024 w4 s2.cg,216.7,232.3
4096x12288,row BO32 BI1024 w4 s3,216.6,232.3
4096x12288,row BO32 BI1024 w4 s3.cg,216.1,232.9
4096x12288,row BO32 BI1024 w4 s4,216.5,232.5
4096x12288,row BO32 BI1024 w4 s4.cg,216.2,232.8
4096x12288,row BO32 BI1024 w8 s1,218.7,230.1
4096x12288,row BO32 BI1024 w8 s1.cg,213.9,235.3
4096x12288,row BO32 BI1024 w8 s2,213.4,235.9
4096x12288,row BO32 BI1024 w8 s2.cg,213.4,235.9
4096x12288,row BO32 BI1024 w8 s3,213.1,236.2
4096x12288,row BO32 BI1024 w8 s3.cg,213.7,235.5
4096x12288,row BO32 BI1024 w8 s4,213.1,236.1
4096x12288,row BO32 BI1024 w8 s4.cg,213.2,236.1
4096x12288,row BO64 BI256 w1 s1,222.3,226.4
4096x12288,row BO64 BI256 w1 s1.cg,221.9,226.8
4096x12288,row BO64 BI256 w1 s2,221.5,227.2
4096x12288,row BO64 BI256 w1 s2.cg,221.9,226.8
4096x12288,row BO64 BI256 w1 s3,221.4,227.4
4096x12288,row BO64 BI256 w1 s3.cg,221.9,226.9
4096x12288,row BO64 BI256 w1 s4,221.6,227.1
4096x12288,row BO64 BI256 w1 s4.cg,222.4,226.3
4096x12288,row BO64 BI256 w2 s1,226.5,222.3
4096x12288,row BO64 BI256 w2 s1.cg,226.7,222.0
4096x12288,row BO64 BI256 w2 s2,226.1,222.6
4096x12288,row BO64 BI256 w2 s2.cg,226.4,222.3
4096x12288,row BO64 BI256 w2 s3,226.7,222.0
4096x12288,row BO64 BI256 w2 s3.cg,226.3,222.4
4096x12288,row BO64 BI256 w2 s4,226.3,222.4
4096x12288,row BO64 BI256 w2 s4.cg,226.5,222.2
4096x12288,row BO64 BI256 w4 s1,238.0,211.5
4096x12288,row BO64 BI256 w4 s1.cg,233.1,216.0
4096x12288,row BO64 BI256 w4 s2,233.2,215.8
4096x12288,row BO64 BI256 w4 s2.cg,238.9,210.7
4096x12288,row BO64 BI256 w4 s3,233.7,215.3
4096x12288,row BO64 BI256 w4 s3.cg,233.4,215.7
4096x12288,row BO64 BI256 w4 s4,233.5,215.6
4096x12288,row BO64 BI256 w4 s4.cg,238.9,210.7
4096x12288,row BO64 BI256 w8 s1,257.7,195.3
4096x12288,row BO64 BI256 w8 s1.cg,257.4,195.6
4096x12288,row BO64 BI256 w8 s2,257.8,195.2
4096x12288,row BO64 BI256 w8 s2.cg,257.2,195.7
4096x12288,row BO64 BI256 w8 s3,261.9,192.2
4096x12288,row BO64 BI256 w8 s3.cg,257.7,195.3
4096x12288,row BO64 BI256 w8 s4,258.3,194.9
4096x12288,row BO64 BI256 w8 s4.cg,257.7,195.3
4096x12288,row BO64 BI512 w1 s1,215.1,234.0
4096x12288,row BO64 BI512 w1 s1.cg,215.3,233.7
4096x12288,row BO64 BI512 w1 s2,215.3,233.8
4096x12288,row BO64 BI512 w1 s2.cg,216.2,232.8
4096x12288,row BO64 BI512 w1 s3,215.2,233.9
4096x12288,row BO64 BI512 w1 s3.cg,215.4,233.7
4096x12288,row BO64 BI512 w1 s4,215.1,233.9
4096x12288,row BO64 BI512 w1 s4.cg,215.7,233.4
4096x12288,row BO64 BI512 w2 s1,211.6,237.8
4096x12288,row BO64 BI512 w2 s1.cg,211.8,237.6
4096x12288,row BO64 BI512 w2 s2,211.7,237.7
4096x12288,row BO64 BI512 w2 s2.cg,211.5,237.9
4096x12288,row BO64 BI512 w2 s3,211.7,237.7
4096x12288,row BO64 BI512 w2 s3.cg,211.7,237.7
4096x12288,row BO64 BI512 w2 s4,211.6,237.9
4096x12288,row BO64 BI512 w2 s4.cg,218.7,230.2
4096x12288,row BO64 BI512 w4 s1,211.7,237.7
4096x12288,row BO64 BI512 w4 s1.cg,211.8,237.6
4096x12288,row BO64 BI512 w4 s2,213.4,235.9
4096x12288,row BO64 BI512 w4 s2.cg,211.7,237.7
4096x12288,row BO64 BI512 w4 s3,219.2,229.6
4096x12288,row BO64 BI512 w4 s3.cg,211.8,237.6
4096x12288,row BO64 BI512 w4 s4,212.3,237.0
4096x12288,row BO64 BI512 w4 s4.cg,212.0,237.4
4096x12288,row BO64 BI512 w8 s1,215.0,234.1
4096x12288,row BO64 BI512 w8 s1.cg,215.6,233.5
4096x12288,row BO64 BI512 w8 s2,215.5,233.6
4096x12288,row BO64 BI512 w8 s2.cg,215.1,233.9
4096x12288,row BO64 BI512 w8 s3,215.0,234.1
4096x12288,row BO64 BI512 w8 s3.cg,216.2,232.8
4096x12288,row BO64 BI512 w8 s4,215.9,233.1
4096x12288,row BO64 BI512 w8 s4.cg,219.0,229.8
4096x12288,row BO64 BI1024 w1 s1,214.7,234.4
4096x12288,row BO64 BI1024 w1 s1.cg,215.4,233.7
4096x12288,row BO64 BI1024 w1 s2,214.9,234.2
4096x12288,row BO64 BI1024 w1 s2.cg,215.1,233.9
4096x12288,row BO64 BI1024 w1 s3,215.2,233.9
4096x12288,row BO64 BI1024 w1 s3.cg,215.0,234.1
4096x12288,row BO64 BI1024 w1 s4,215.2,233.8
4096x12288,row BO64 BI1024 w1 s4.cg,215.0,234.1
4096x12288,row BO64 BI1024 w2 s1,222.6,226.1
4096x12288,row BO64 BI1024 w2 s1.cg,222.4,226.3
4096x12288,row BO64 BI1024 w2 s2,226.6,222.1
4096x12288,row BO64 BI1024 w2 s2.cg,222.4,226.3
4096x12288,row BO64 BI1024 w2 s3,222.3,226.4
4096x12288,row BO64 BI1024 w2 s3.cg,222.3,226.4
4096x12288,row BO64 BI1024 w2 s4,223.1,225.6
4096x12288,row BO64 BI1024 w2 s4.cg,222.4,226.3
4096x12288,row BO64 BI1024 w4 s1,220.6,228.2
4096x12288,row BO64 BI1024 w4 s1.cg,220.6,228.1
4096x12288,row BO64 BI1024 w4 s2,220.6,228.1
4096x12288,row BO64 BI1024 w4 s2.cg,220.7,228.0
4096x12288,row BO64 BI1024 w4 s3,220.3,228.4
4096x12288,row BO64 BI1024 w4 s3.cg,220.6,228.2
4096x12288,row BO64 BI1024 w4 s4,220.6,228.2
4096x12288,row BO64 BI1024 w4 s4.cg,220.8,227.9
4096x12288,row BO64 BI1024 w8 s1,219.2,229.6
4096x12288,row BO64 BI1024 w8 s1.cg,221.2,227.6
4096x12288,row BO64 BI1024 w8 s2,220.4,228.3
4096x12288,row BO64 BI1024 w8 s2.cg,219.2,229.6
4096x12288,row BO64 BI1024 w8 s3,219.2,229.6
4096x12288,row BO64 BI1024 w8 s3.cg,219.5,229.3
4096x12288,row BO64 BI1024 w8 s4,219.1,229.7
4096x12288,row BO64 BI1024 w8 s4.cg,219.1,229.7
4096x12288,BEST-ROW[row BO8 BI1024 w8 s2.cg],199.1,252.8
4096x12288,tiled-arena BO16 BI512 w2 s3,212.3,237.1
4096x12288,tiled-arena BO32 BI1024 w2 s3,218.2,230.7
4096x12288,splitk2 BO16 BI512 w2 s3,209.7,240.1
4096x12288,splitk4 BO16 BI512 w2 s3,209.0,240.8
4096x16896,cublas-bf16,560.4,247.0
4096x16896,torch._scaled_mm-fp8,404.1,171.2
4096x16896,shipped-w8a16-triton,285.5,242.4
4096x16896,row BO16 BI512 w2 s2,292.8,236.4
4096x16896,row BO16 BI512 w2 s2.cg,285.1,242.8
4096x16896,row BO16 BI1024 w2 s3,287.8,240.5
4096x16896,row BO16 BI1024 w2 s3.cg,287.7,240.6
4096x16896,row BO32 BI512 w4 s2,287.4,240.8
4096x16896,row BO32 BI512 w4 s2.cg,287.8,240.5
4096x16896,BEST-ROW[row BO16 BI512 w2 s2.cg],285.1,242.8
4096x16896,tiled-arena BO16 BI512 w2 s3,292.3,236.8
4096x16896,tiled-arena BO32 BI1024 w2 s3,304.9,227.0
4096x16896,splitk2 BO16 BI512 w2 s3,309.8,223.4
4096x16896,splitk4 BO16 BI512 w2 s3,296.2,233.6
8448x4096,cublas-bf16,295.7,234.0
8448x4096,torch._scaled_mm-fp8,155.9,221.9
8448x4096,shipped-w8a16-triton,146.0,237.0
8448x4096,row BO16 BI512 w2 s2,157.4,219.8
8448x4096,row BO16 BI512 w2 s2.cg,152.4,227.1
8448x4096,row BO16 BI1024 w2 s3,153.5,225.4
8448x4096,row BO16 BI1024 w2 s3.cg,160.1,216.1
8448x4096,row BO32 BI512 w4 s2,153.2,225.9
8448x4096,row BO32 BI512 w4 s2.cg,153.2,225.8
8448x4096,BEST-ROW[row BO16 BI512 w2 s2.cg],152.4,227.1
8448x4096,tiled-arena BO16 BI512 w2 s3,150.8,229.5
8448x4096,tiled-arena BO32 BI1024 w2 s3,158.2,218.7
8448x4096,splitk2 BO16 BI512 w2 s3,156.8,220.7
8448x4096,splitk4 BO16 BI512 w2 s3,155.9,222.0
4096x4096,cublas-bf16,214.9,156.1
4096x4096,torch._scaled_mm-fp8,83.4,201.2
4096x4096,shipped-w8a16-triton,71.9,233.3
4096x4096,row BO16 BI512 w2 s2,75.9,221.0
4096x4096,row BO16 BI512 w2 s2.cg,74.6,224.9
4096x4096,row BO16 BI1024 w2 s3,70.7,237.4
4096x4096,row BO16 BI1024 w2 s3.cg,70.6,237.6
4096x4096,row BO32 BI512 w4 s2,71.3,235.4
4096x4096,row BO32 BI512 w4 s2.cg,71.5,234.5
4096x4096,BEST-ROW[row BO16 BI1024 w2 s3.cg],70.6,237.6
4096x4096,tiled-arena BO16 BI512 w2 s3,70.3,238.7
4096x4096,tiled-arena BO32 BI1024 w2 s3,74.9,224.1
4096x4096,splitk2 BO16 BI512 w2 s3,85.8,195.6
4096x4096,splitk4 BO16 BI512 w2 s3,74.9,223.9
1024x4224,cublas-bf16,60.9,142.0
1024x4224,torch._scaled_mm-fp8,23.0,187.7
1024x4224,shipped-w8a16-triton,19.5,222.3
1024x4224,row BO16 BI512 w2 s2,19.3,224.1
1024x4224,row BO16 BI512 w2 s2.cg,19.4,223.4
1024x4224,row BO16 BI1024 w2 s3,19.4,223.0
1024x4224,row BO16 BI1024 w2 s3.cg,19.4,223.4
1024x4224,row BO32 BI512 w4 s2,19.3,224.5
1024x4224,row BO32 BI512 w4 s2.cg,19.3,224.5
1024x4224,BEST-ROW[row BO32 BI512 w4 s2],19.3,224.5
1024x4224,tiled-arena BO16 BI512 w2 s3,18.8,230.6
1024x4224,tiled-arena BO32 BI1024 w2 s3,19.6,220.9
1024x4224,splitk2 BO16 BI512 w2 s3,19.8,218.1
1024x4224,splitk4 BO16 BI512 w2 s3,20.2,214.6
4096x32000,cublas-bf16,1542.3,170.0
4096x32000,torch._scaled_mm-fp8,579.3,226.3
4096x32000,shipped-w8a16-triton,553.6,236.7
4096x32000,row BO16 BI512 w2 s2,546.8,239.7
4096x32000,row BO16 BI512 w2 s2.cg,545.8,240.2
4096x32000,row BO16 BI1024 w2 s3,560.0,234.1
4096x32000,row BO16 BI1024 w2 s3.cg,552.4,237.3
4096x32000,row BO32 BI512 w4 s2,550.5,238.1
4096x32000,row BO32 BI512 w4 s2.cg,550.7,238.0
4096x32000,BEST-ROW[row BO16 BI512 w2 s2.cg],545.8,240.2
4096x32000,tiled-arena BO16 BI512 w2 s3,558.4,234.7
4096x32000,tiled-arena BO32 BI1024 w2 s3,569.3,230.3
4096x32000,splitk2 BO16 BI512 w2 s3,570.6,229.7
4096x32000,splitk4 BO16 BI512 w2 s3,562.5,233.0
